{
    "test_tv_ade": 1.5743423700332642,
    "test_tv_fde": 4.754106521606445,
    "test_tv_anll": 0.3423919379711151,
    "test_tv_fnll": 4.183773040771484,
    "test_tv_apde": 0.7251937985420227,
    "tv_mr": 0.6965294480323792,
    "test_ade": 1.0394741296768188,
    "test_fde": 2.9616992473602295,
    "test_anll": -0.1138739287853241,
    "test_fnll": 3.4208614826202393,
    "test_apde": 0.5770730376243591,
    "mr": 0.40588629245758057
}