{
    "test_tv_ade": 1.5547581911087036,
    "test_tv_fde": 4.631446361541748,
    "test_tv_anll": 0.3909178674221039,
    "test_tv_fnll": 4.148097991943359,
    "test_tv_apde": 0.7334397435188293,
    "tv_mr": 0.7138574719429016,
    "test_ade": 1.0417977571487427,
    "test_fde": 2.9415009021759033,
    "test_anll": 0.015957973897457123,
    "test_fnll": 3.4501304626464844,
    "test_apde": 0.5965108871459961,
    "mr": 0.4150939881801605
}