{
    "test_tv_ade": 1.5890717506408691,
    "test_tv_fde": 4.779281139373779,
    "test_tv_anll": 0.26491624116897583,
    "test_tv_fnll": 4.026845455169678,
    "test_tv_apde": 0.7521450519561768,
    "tv_mr": 0.7135738134384155,
    "test_ade": 1.0351935625076294,
    "test_fde": 2.9732367992401123,
    "test_anll": -0.147315114736557,
    "test_fnll": 3.3443446159362793,
    "test_apde": 0.587299108505249,
    "mr": 0.4169848561286926
}