{
    "test_tv_ade": 1.5304620265960693,
    "test_tv_fde": 4.575824737548828,
    "test_tv_anll": 0.3156796991825104,
    "test_tv_fnll": 4.096775531768799,
    "test_tv_apde": 0.7111997604370117,
    "tv_mr": 0.6947641372680664,
    "test_ade": 1.007173776626587,
    "test_fde": 2.8601293563842773,
    "test_anll": -0.08974353224039078,
    "test_fnll": 3.394256353378296,
    "test_apde": 0.570059597492218,
    "mr": 0.4044305980205536
}