{
    "test_tv_ade": 1.602818489074707,
    "test_tv_fde": 4.773623466491699,
    "test_tv_anll": 0.3261183798313141,
    "test_tv_fnll": 4.1282057762146,
    "test_tv_apde": 0.7838966250419617,
    "tv_mr": 0.731296956539154,
    "test_ade": 1.03043794631958,
    "test_fde": 2.9133377075195312,
    "test_anll": -0.12778502702713013,
    "test_fnll": 3.3803203105926514,
    "test_apde": 0.5952798128128052,
    "mr": 0.4085659384727478
}