{
    "test_tv_ade": 1.4448832273483276,
    "test_tv_fde": 4.246933460235596,
    "test_tv_anll": 0.28349775075912476,
    "test_tv_fnll": 3.97890567779541,
    "test_tv_apde": 0.6637274026870728,
    "tv_mr": 0.6728252172470093,
    "test_ade": 0.9912168979644775,
    "test_fde": 2.7702102661132812,
    "test_anll": -0.05184636637568474,
    "test_fnll": 3.3754701614379883,
    "test_apde": 0.562821626663208,
    "mr": 0.38964030146598816
}