{
    "test_tv_ade": 1.661543607711792,
    "test_tv_fde": 4.941555023193359,
    "test_tv_anll": 0.45299240946769714,
    "test_tv_fnll": 4.147030830383301,
    "test_tv_apde": 0.7902646064758301,
    "tv_mr": 0.7208253145217896,
    "test_ade": 1.0963784456253052,
    "test_fde": 3.0848188400268555,
    "test_anll": 0.0726904645562172,
    "test_fnll": 3.4399704933166504,
    "test_apde": 0.6239857077598572,
    "mr": 0.4354422688484192
}