{
    "test_tv_ade": 1.6346467733383179,
    "test_tv_fde": 4.89381742477417,
    "test_tv_anll": 0.5587697625160217,
    "test_tv_fnll": 4.327625751495361,
    "test_tv_apde": 0.7786567211151123,
    "tv_mr": 0.6994343996047974,
    "test_ade": 1.1031299829483032,
    "test_fde": 3.1112258434295654,
    "test_anll": 0.09762436151504517,
    "test_fnll": 3.5055503845214844,
    "test_apde": 0.6292940974235535,
    "mr": 0.4321606159210205
}