{
    "test_tv_ade": 1.4794847965240479,
    "test_tv_fde": 4.371428489685059,
    "test_tv_anll": 0.3386823534965515,
    "test_tv_fnll": 4.052218914031982,
    "test_tv_apde": 0.7149958610534668,
    "tv_mr": 0.6990480422973633,
    "test_ade": 1.010072112083435,
    "test_fde": 2.8424322605133057,
    "test_anll": -0.020101496949791908,
    "test_fnll": 3.404040575027466,
    "test_apde": 0.5859649181365967,
    "mr": 0.3988250195980072
}