{
    "test_tv_ade": 1.4681342840194702,
    "test_tv_fde": 4.3938889503479,
    "test_tv_anll": 0.24764281511306763,
    "test_tv_fnll": 4.018092155456543,
    "test_tv_apde": 0.7086573243141174,
    "tv_mr": 0.6941309571266174,
    "test_ade": 0.9930732846260071,
    "test_fde": 2.8235442638397217,
    "test_anll": -0.13893595337867737,
    "test_fnll": 3.331022262573242,
    "test_apde": 0.5691922903060913,
    "mr": 0.3820283114910126
}