{
    "test_tv_ade": 1.494749903678894,
    "test_tv_fde": 4.458144187927246,
    "test_tv_anll": 0.2635667324066162,
    "test_tv_fnll": 4.025725364685059,
    "test_tv_apde": 0.727074146270752,
    "tv_mr": 0.6886586546897888,
    "test_ade": 0.9992326498031616,
    "test_fde": 2.8208906650543213,
    "test_anll": -0.1471838504076004,
    "test_fnll": 3.335832118988037,
    "test_apde": 0.5786322951316833,
    "mr": 0.3902885913848877
}