{
    "test_tv_ade": 1.4842495918273926,
    "test_tv_fde": 4.406711578369141,
    "test_tv_anll": 0.3027665615081787,
    "test_tv_fnll": 4.026223659515381,
    "test_tv_apde": 0.7019098401069641,
    "tv_mr": 0.6997292041778564,
    "test_ade": 1.0019861459732056,
    "test_fde": 2.8475537300109863,
    "test_anll": -0.10647721588611603,
    "test_fnll": 3.3619816303253174,
    "test_apde": 0.5771881937980652,
    "mr": 0.3885287344455719
}