{
    "test_tv_ade": 1.4219410419464111,
    "test_tv_fde": 4.268280982971191,
    "test_tv_anll": 0.12218225002288818,
    "test_tv_fnll": 3.866271734237671,
    "test_tv_apde": 0.7104917764663696,
    "tv_mr": 0.7116795778274536,
    "test_ade": 0.9591543674468994,
    "test_fde": 2.7463154792785645,
    "test_anll": -0.25960251688957214,
    "test_fnll": 3.2103376388549805,
    "test_apde": 0.5659113526344299,
    "mr": 0.3622783124446869
}