{
    "test_tv_ade": 1.5586652755737305,
    "test_tv_fde": 4.700433731079102,
    "test_tv_anll": 0.32552966475486755,
    "test_tv_fnll": 4.113589286804199,
    "test_tv_apde": 0.7108257412910461,
    "tv_mr": 0.6911678314208984,
    "test_ade": 1.0333691835403442,
    "test_fde": 2.9451775550842285,
    "test_anll": -0.12513597309589386,
    "test_fnll": 3.331916332244873,
    "test_apde": 0.5675268769264221,
    "mr": 0.43019723892211914
}