{
    "test_tv_ade": 1.6023707389831543,
    "test_tv_fde": 4.768765926361084,
    "test_tv_anll": 0.4394999146461487,
    "test_tv_fnll": 4.126492023468018,
    "test_tv_apde": 0.7445976138114929,
    "tv_mr": 0.7431067228317261,
    "test_ade": 1.0544617176055908,
    "test_fde": 2.9623801708221436,
    "test_anll": -0.028750956058502197,
    "test_fnll": 3.3548128604888916,
    "test_apde": 0.595503032207489,
    "mr": 0.41947123408317566
}