{
    "test_tv_ade": 1.7201060056686401,
    "test_tv_fde": 5.082014560699463,
    "test_tv_anll": 0.6916199922561646,
    "test_tv_fnll": 4.2460618019104,
    "test_tv_apde": 0.8667801022529602,
    "tv_mr": 0.7122317552566528,
    "test_ade": 1.1250916719436646,
    "test_fde": 3.1406362056732178,
    "test_anll": 0.26533862948417664,
    "test_fnll": 3.5717360973358154,
    "test_apde": 0.6494480967521667,
    "mr": 0.4962097108364105
}