{
    "test_tv_ade": 1.5033272504806519,
    "test_tv_fde": 4.47463321685791,
    "test_tv_anll": 0.28893083333969116,
    "test_tv_fnll": 4.039892196655273,
    "test_tv_apde": 0.7631663680076599,
    "tv_mr": 0.6949310898780823,
    "test_ade": 1.0161964893341064,
    "test_fde": 2.8495466709136963,
    "test_anll": -0.10885481536388397,
    "test_fnll": 3.366628646850586,
    "test_apde": 0.5989081263542175,
    "mr": 0.3838482201099396
}