{
    "test_tv_ade": 1.5137040615081787,
    "test_tv_fde": 4.586365222930908,
    "test_tv_anll": 0.257039338350296,
    "test_tv_fnll": 4.075875759124756,
    "test_tv_apde": 0.7502894401550293,
    "tv_mr": 0.6914780139923096,
    "test_ade": 1.0080475807189941,
    "test_fde": 2.8915743827819824,
    "test_anll": -0.18564429879188538,
    "test_fnll": 3.36330246925354,
    "test_apde": 0.5787995457649231,
    "mr": 0.41190221905708313
}