{
    "test_tv_ade": 1.5081866979599,
    "test_tv_fde": 4.566559314727783,
    "test_tv_anll": 0.15407079458236694,
    "test_tv_fnll": 4.026439666748047,
    "test_tv_apde": 0.7213810682296753,
    "tv_mr": 0.7102404832839966,
    "test_ade": 0.9812778830528259,
    "test_fde": 2.812938928604126,
    "test_anll": -0.27866581082344055,
    "test_fnll": 3.2970399856567383,
    "test_apde": 0.5533611178398132,
    "mr": 0.4047766923904419
}