{
    "test_tv_ade": 1.450400948524475,
    "test_tv_fde": 4.383634567260742,
    "test_tv_anll": 0.11370353400707245,
    "test_tv_fnll": 3.993851661682129,
    "test_tv_apde": 0.7148593068122864,
    "tv_mr": 0.7086411118507385,
    "test_ade": 0.9776886105537415,
    "test_fde": 2.821807384490967,
    "test_anll": -0.2866634726524353,
    "test_fnll": 3.322307825088501,
    "test_apde": 0.5710500478744507,
    "mr": 0.4055342972278595
}