{
    "test_tv_ade": 1.6720635890960693,
    "test_tv_fde": 4.9107465744018555,
    "test_tv_anll": 0.4867105484008789,
    "test_tv_fnll": 4.257119178771973,
    "test_tv_apde": 0.7171007990837097,
    "tv_mr": 0.7348359227180481,
    "test_ade": 1.0817102193832397,
    "test_fde": 3.0188775062561035,
    "test_anll": 0.0478939563035965,
    "test_fnll": 3.4521219730377197,
    "test_apde": 0.5787907242774963,
    "mr": 0.47463488578796387
}