{
    "test_tv_ade": 1.461677074432373,
    "test_tv_fde": 4.359396457672119,
    "test_tv_anll": 0.3218061029911041,
    "test_tv_fnll": 3.9951066970825195,
    "test_tv_apde": 0.7325289249420166,
    "tv_mr": 0.6654542088508606,
    "test_ade": 1.0034905672073364,
    "test_fde": 2.8126144409179688,
    "test_anll": 0.010220839641988277,
    "test_fnll": 3.354524850845337,
    "test_apde": 0.582814633846283,
    "mr": 0.402875691652298
}