{
    "test_tv_ade": 1.520809292793274,
    "test_tv_fde": 4.5326738357543945,
    "test_tv_anll": 0.3437352478504181,
    "test_tv_fnll": 4.088155746459961,
    "test_tv_apde": 0.713495135307312,
    "tv_mr": 0.7078659534454346,
    "test_ade": 0.9977846741676331,
    "test_fde": 2.8237175941467285,
    "test_anll": -0.12812922894954681,
    "test_fnll": 3.3118746280670166,
    "test_apde": 0.5543769001960754,
    "mr": 0.40186259150505066
}