{
    "test_tv_ade": 1.602738857269287,
    "test_tv_fde": 4.806950092315674,
    "test_tv_anll": 0.2984730303287506,
    "test_tv_fnll": 4.1703901290893555,
    "test_tv_apde": 0.7554684281349182,
    "tv_mr": 0.7171193361282349,
    "test_ade": 1.050325870513916,
    "test_fde": 2.978142261505127,
    "test_anll": -0.13077235221862793,
    "test_fnll": 3.402080774307251,
    "test_apde": 0.5891774296760559,
    "mr": 0.4329390823841095
}