{
    "test_tv_ade": 1.4997450113296509,
    "test_tv_fde": 4.480186462402344,
    "test_tv_anll": 0.30496928095817566,
    "test_tv_fnll": 4.069264888763428,
    "test_tv_apde": 0.6998417973518372,
    "tv_mr": 0.7020691633224487,
    "test_ade": 1.0171819925308228,
    "test_fde": 2.8871946334838867,
    "test_anll": -0.0669286921620369,
    "test_fnll": 3.387157917022705,
    "test_apde": 0.5729483962059021,
    "mr": 0.37791386246681213
}