{
    "test_tv_ade": 1.4756579399108887,
    "test_tv_fde": 4.415480136871338,
    "test_tv_anll": 0.3406226933002472,
    "test_tv_fnll": 4.054182529449463,
    "test_tv_apde": 0.7141605615615845,
    "tv_mr": 0.6972646713256836,
    "test_ade": 0.9994460940361023,
    "test_fde": 2.8292229175567627,
    "test_anll": -0.05005715414881706,
    "test_fnll": 3.3676040172576904,
    "test_apde": 0.5759285092353821,
    "mr": 0.41393008828163147
}