{
    "test_tv_ade": 1.5734843015670776,
    "test_tv_fde": 4.756199836730957,
    "test_tv_anll": 0.2630121409893036,
    "test_tv_fnll": 4.135538578033447,
    "test_tv_apde": 0.7180604934692383,
    "tv_mr": 0.7260655760765076,
    "test_ade": 1.0363926887512207,
    "test_fde": 2.946368932723999,
    "test_anll": -0.19662737846374512,
    "test_fnll": 3.3451435565948486,
    "test_apde": 0.5716803073883057,
    "mr": 0.4309917688369751
}