{
    "test_tv_ade": 1.6180415153503418,
    "test_tv_fde": 4.801220417022705,
    "test_tv_anll": 0.4750217795372009,
    "test_tv_fnll": 4.227463245391846,
    "test_tv_apde": 0.8112372159957886,
    "tv_mr": 0.7395481467247009,
    "test_ade": 1.0689212083816528,
    "test_fde": 3.021331787109375,
    "test_anll": 0.0038343321066349745,
    "test_fnll": 3.46109938621521,
    "test_apde": 0.6334555745124817,
    "mr": 0.3993569612503052
}