{
    "test_tv_ade": 1.4749605655670166,
    "test_tv_fde": 4.394340515136719,
    "test_tv_anll": 0.17170503735542297,
    "test_tv_fnll": 3.967350959777832,
    "test_tv_apde": 0.6514265537261963,
    "tv_mr": 0.7188781499862671,
    "test_ade": 0.9752421379089355,
    "test_fde": 2.7715892791748047,
    "test_anll": -0.2004656046628952,
    "test_fnll": 3.3136916160583496,
    "test_apde": 0.5420357584953308,
    "mr": 0.40162867307662964
}