{
    "test_tv_ade": 1.578188419342041,
    "test_tv_fde": 4.787406921386719,
    "test_tv_anll": 0.3706824481487274,
    "test_tv_fnll": 4.116500377655029,
    "test_tv_apde": 0.7710225582122803,
    "tv_mr": 0.6968590021133423,
    "test_ade": 1.0383883714675903,
    "test_fde": 2.977550983428955,
    "test_anll": -0.04515815153717995,
    "test_fnll": 3.4493327140808105,
    "test_apde": 0.5970107316970825,
    "mr": 0.4155610501766205
}