{
    "test_tv_ade": 1.6507741212844849,
    "test_tv_fde": 4.870615482330322,
    "test_tv_anll": 0.41217026114463806,
    "test_tv_fnll": 4.1026506423950195,
    "test_tv_apde": 0.7751612663269043,
    "tv_mr": 0.7266271710395813,
    "test_ade": 1.0768718719482422,
    "test_fde": 3.0365145206451416,
    "test_anll": -0.019524117931723595,
    "test_fnll": 3.375520706176758,
    "test_apde": 0.5976282954216003,
    "mr": 0.44361183047294617
}