{
    "test_tv_ade": 1.4864373207092285,
    "test_tv_fde": 4.398131370544434,
    "test_tv_anll": 0.2739329934120178,
    "test_tv_fnll": 4.012083053588867,
    "test_tv_apde": 0.7041385173797607,
    "tv_mr": 0.691767156124115,
    "test_ade": 1.0048468112945557,
    "test_fde": 2.837820291519165,
    "test_anll": -0.13283643126487732,
    "test_fnll": 3.3331151008605957,
    "test_apde": 0.5812751650810242,
    "mr": 0.37398555874824524
}