{
    "test_tv_ade": 1.4410113096237183,
    "test_tv_fde": 4.29279088973999,
    "test_tv_anll": 0.23861223459243774,
    "test_tv_fnll": 4.001252174377441,
    "test_tv_apde": 0.6756749749183655,
    "tv_mr": 0.7179374098777771,
    "test_ade": 0.9663078188896179,
    "test_fde": 2.7301974296569824,
    "test_anll": -0.15669991075992584,
    "test_fnll": 3.356194257736206,
    "test_apde": 0.5512488484382629,
    "mr": 0.36647650599479675
}