{
    "test_tv_ade": 1.5204455852508545,
    "test_tv_fde": 4.5127434730529785,
    "test_tv_anll": 0.29995808005332947,
    "test_tv_fnll": 4.049316883087158,
    "test_tv_apde": 0.720978319644928,
    "tv_mr": 0.7178105115890503,
    "test_ade": 1.0247162580490112,
    "test_fde": 2.8901102542877197,
    "test_anll": -0.07975605130195618,
    "test_fnll": 3.370347738265991,
    "test_apde": 0.5852317214012146,
    "mr": 0.38655197620391846
}