{
    "test_tv_ade": 1.5514616966247559,
    "test_tv_fde": 4.63253927230835,
    "test_tv_anll": 0.2599249482154846,
    "test_tv_fnll": 4.059454441070557,
    "test_tv_apde": 0.7067897319793701,
    "tv_mr": 0.7224263548851013,
    "test_ade": 1.0222173929214478,
    "test_fde": 2.9069197177886963,
    "test_anll": -0.1540587991476059,
    "test_fnll": 3.3707051277160645,
    "test_apde": 0.5683942437171936,
    "mr": 0.39705389738082886
}