{
    "test_tv_ade": 1.6287742853164673,
    "test_tv_fde": 4.918303489685059,
    "test_tv_anll": 0.37702858448028564,
    "test_tv_fnll": 4.223533630371094,
    "test_tv_apde": 0.7337815165519714,
    "tv_mr": 0.7129250764846802,
    "test_ade": 1.0491598844528198,
    "test_fde": 2.9772112369537354,
    "test_anll": -0.10239600390195847,
    "test_fnll": 3.403333902359009,
    "test_apde": 0.5747126936912537,
    "mr": 0.44515174627304077
}