{
    "test_tv_ade": 1.5418989658355713,
    "test_tv_fde": 4.617625713348389,
    "test_tv_anll": 0.2610386908054352,
    "test_tv_fnll": 4.049221992492676,
    "test_tv_apde": 0.7475011944770813,
    "tv_mr": 0.7251425981521606,
    "test_ade": 1.0343458652496338,
    "test_fde": 2.950911045074463,
    "test_anll": -0.1474318653345108,
    "test_fnll": 3.3977057933807373,
    "test_apde": 0.5930525064468384,
    "mr": 0.41186612844467163
}