{
    "test_tv_ade": 1.5471998453140259,
    "test_tv_fde": 4.639243125915527,
    "test_tv_anll": 0.2462816685438156,
    "test_tv_fnll": 4.027486801147461,
    "test_tv_apde": 0.7458120584487915,
    "tv_mr": 0.7252751588821411,
    "test_ade": 0.9999276399612427,
    "test_fde": 2.8549013137817383,
    "test_anll": -0.18106521666049957,
    "test_fnll": 3.2949090003967285,
    "test_apde": 0.5740476250648499,
    "mr": 0.3831023871898651
}