{
    "test_tv_ade": 1.4983562231063843,
    "test_tv_fde": 4.502865791320801,
    "test_tv_anll": 0.22898553311824799,
    "test_tv_fnll": 3.9980790615081787,
    "test_tv_apde": 0.760369598865509,
    "tv_mr": 0.7095966339111328,
    "test_ade": 1.0110539197921753,
    "test_fde": 2.898758888244629,
    "test_anll": -0.16601279377937317,
    "test_fnll": 3.294882297515869,
    "test_apde": 0.5936768054962158,
    "mr": 0.3905286192893982
}