{
    "test_tv_ade": 1.4811166524887085,
    "test_tv_fde": 4.389107704162598,
    "test_tv_anll": 0.2552770972251892,
    "test_tv_fnll": 3.9626431465148926,
    "test_tv_apde": 0.7169206142425537,
    "tv_mr": 0.7094336748123169,
    "test_ade": 0.9929199814796448,
    "test_fde": 2.7973883152008057,
    "test_anll": -0.12124241143465042,
    "test_fnll": 3.3044955730438232,
    "test_apde": 0.571797251701355,
    "mr": 0.4136943221092224
}