{
    "test_tv_ade": 1.615993857383728,
    "test_tv_fde": 4.858705520629883,
    "test_tv_anll": 0.4198867976665497,
    "test_tv_fnll": 4.224151134490967,
    "test_tv_apde": 0.7261936068534851,
    "tv_mr": 0.7003970742225647,
    "test_ade": 1.0458030700683594,
    "test_fde": 2.9613378047943115,
    "test_anll": -0.0448220819234848,
    "test_fnll": 3.430628776550293,
    "test_apde": 0.5752530097961426,
    "mr": 0.4129914939403534
}