{
    "test_tv_ade": 1.5468640327453613,
    "test_tv_fde": 4.636655330657959,
    "test_tv_anll": 0.3633122444152832,
    "test_tv_fnll": 4.069955348968506,
    "test_tv_apde": 0.7120219469070435,
    "tv_mr": 0.7183175683021545,
    "test_ade": 1.0082149505615234,
    "test_fde": 2.8744957447052,
    "test_anll": -0.10367227345705032,
    "test_fnll": 3.333024740219116,
    "test_apde": 0.5655253529548645,
    "mr": 0.38279515504837036
}