{
    "test_tv_ade": 1.635191798210144,
    "test_tv_fde": 4.817328453063965,
    "test_tv_anll": 0.589390218257904,
    "test_tv_fnll": 4.2838969230651855,
    "test_tv_apde": 0.7336227893829346,
    "tv_mr": 0.6960780620574951,
    "test_ade": 1.1001664400100708,
    "test_fde": 3.057981014251709,
    "test_anll": 0.13505449891090393,
    "test_fnll": 3.508997678756714,
    "test_apde": 0.6164932250976562,
    "mr": 0.44224032759666443
}