{
    "test_tv_ade": 2.43506121635437,
    "test_tv_fde": 6.521604537963867,
    "test_tv_anll": 1.842934012413025,
    "test_tv_fnll": 4.549796104431152,
    "test_tv_apde": 1.0564683675765991,
    "tv_mr": 0.8279304504394531,
    "test_ade": 1.5163167715072632,
    "test_fde": 3.878828525543213,
    "test_anll": 1.007030963897705,
    "test_fnll": 3.663346529006958,
    "test_apde": 0.8119952082633972,
    "mr": 0.5943549275398254
}