{
    "test_tv_ade": 1.5411540269851685,
    "test_tv_fde": 4.5903544425964355,
    "test_tv_anll": 0.3248984217643738,
    "test_tv_fnll": 4.036571502685547,
    "test_tv_apde": 0.8242287635803223,
    "tv_mr": 0.7156046032905579,
    "test_ade": 1.0401502847671509,
    "test_fde": 2.9496471881866455,
    "test_anll": -0.0849558413028717,
    "test_fnll": 3.341095447540283,
    "test_apde": 0.6262542009353638,
    "mr": 0.4058857858181
}