{
    "test_tv_ade": 1.5848748683929443,
    "test_tv_fde": 4.781968116760254,
    "test_tv_anll": 0.400784432888031,
    "test_tv_fnll": 4.105676174163818,
    "test_tv_apde": 0.7209358215332031,
    "tv_mr": 0.7212519645690918,
    "test_ade": 1.0667625665664673,
    "test_fde": 3.023311138153076,
    "test_anll": -0.0045401775278151035,
    "test_fnll": 3.37735652923584,
    "test_apde": 0.6001229882240295,
    "mr": 0.4224429428577423
}