{
    "test_tv_ade": 1.4403947591781616,
    "test_tv_fde": 4.332882404327393,
    "test_tv_anll": 0.16754335165023804,
    "test_tv_fnll": 4.004484176635742,
    "test_tv_apde": 0.6757562756538391,
    "tv_mr": 0.7115055322647095,
    "test_ade": 0.9745228886604309,
    "test_fde": 2.7622692584991455,
    "test_anll": -0.2218385934829712,
    "test_fnll": 3.3242201805114746,
    "test_apde": 0.5532440543174744,
    "mr": 0.37643563747406006
}