{
    "test_tv_ade": 1.4913365840911865,
    "test_tv_fde": 4.475965976715088,
    "test_tv_anll": 0.20530404150485992,
    "test_tv_fnll": 3.9920294284820557,
    "test_tv_apde": 0.7341374158859253,
    "tv_mr": 0.7400326132774353,
    "test_ade": 0.9968249201774597,
    "test_fde": 2.8498902320861816,
    "test_anll": -0.1925392895936966,
    "test_fnll": 3.3387928009033203,
    "test_apde": 0.5822438597679138,
    "mr": 0.37019190192222595
}