{
    "test_tv_ade": 1.462365746498108,
    "test_tv_fde": 4.412177085876465,
    "test_tv_anll": 0.1867636889219284,
    "test_tv_fnll": 3.951220989227295,
    "test_tv_apde": 0.679980456829071,
    "tv_mr": 0.7003160119056702,
    "test_ade": 0.9708067178726196,
    "test_fde": 2.7701563835144043,
    "test_anll": -0.17404299974441528,
    "test_fnll": 3.3324685096740723,
    "test_apde": 0.5486015677452087,
    "mr": 0.3411620259284973
}