{
    "test_tv_ade": 1.5898460149765015,
    "test_tv_fde": 4.767011642456055,
    "test_tv_anll": 0.3063696026802063,
    "test_tv_fnll": 4.088478088378906,
    "test_tv_apde": 0.8119430541992188,
    "tv_mr": 0.7343763113021851,
    "test_ade": 1.0474613904953003,
    "test_fde": 2.967787027359009,
    "test_anll": -0.08901684731245041,
    "test_fnll": 3.3714375495910645,
    "test_apde": 0.6147427558898926,
    "mr": 0.41922762989997864
}