{
    "test_tv_ade": 1.6099075078964233,
    "test_tv_fde": 4.856804847717285,
    "test_tv_anll": 0.3201541602611542,
    "test_tv_fnll": 4.103732585906982,
    "test_tv_apde": 0.7598869204521179,
    "tv_mr": 0.7008516788482666,
    "test_ade": 1.0429027080535889,
    "test_fde": 2.9827892780303955,
    "test_anll": -0.10112977027893066,
    "test_fnll": 3.424039602279663,
    "test_apde": 0.5886476039886475,
    "mr": 0.40691372752189636
}