{
    "test_tv_ade": 1.615095615386963,
    "test_tv_fde": 4.799046516418457,
    "test_tv_anll": 0.5058555006980896,
    "test_tv_fnll": 4.246943473815918,
    "test_tv_apde": 0.7711753249168396,
    "tv_mr": 0.7124161124229431,
    "test_ade": 1.0588874816894531,
    "test_fde": 2.986966371536255,
    "test_anll": 0.05021286755800247,
    "test_fnll": 3.488382577896118,
    "test_apde": 0.5979849696159363,
    "mr": 0.41228702664375305
}