{
    "test_tv_ade": 1.4213201999664307,
    "test_tv_fde": 4.215812683105469,
    "test_tv_anll": 0.30272141098976135,
    "test_tv_fnll": 4.022731781005859,
    "test_tv_apde": 0.6918480396270752,
    "tv_mr": 0.6926975846290588,
    "test_ade": 0.9828553795814514,
    "test_fde": 2.7430622577667236,
    "test_anll": -0.07405231148004532,
    "test_fnll": 3.3576438426971436,
    "test_apde": 0.569577693939209,
    "mr": 0.38560977578163147
}