{
    "test_tv_ade": 1.4120545387268066,
    "test_tv_fde": 4.229455947875977,
    "test_tv_anll": 0.1898227035999298,
    "test_tv_fnll": 3.9207494258880615,
    "test_tv_apde": 0.6682223081588745,
    "tv_mr": 0.6771824359893799,
    "test_ade": 0.9639779925346375,
    "test_fde": 2.7341384887695312,
    "test_anll": -0.13549992442131042,
    "test_fnll": 3.353924512863159,
    "test_apde": 0.5587120652198792,
    "mr": 0.41111651062965393
}