{
    "test_tv_ade": 1.674760341644287,
    "test_tv_fde": 4.974588394165039,
    "test_tv_anll": 0.5821307301521301,
    "test_tv_fnll": 4.338631629943848,
    "test_tv_apde": 0.8112180829048157,
    "tv_mr": 0.7584651708602905,
    "test_ade": 1.0960402488708496,
    "test_fde": 3.073296546936035,
    "test_anll": 0.1299942284822464,
    "test_fnll": 3.56146240234375,
    "test_apde": 0.622787356376648,
    "mr": 0.4353252947330475
}