{
    "test_tv_ade": 1.4999732971191406,
    "test_tv_fde": 4.532249927520752,
    "test_tv_anll": 0.2595076858997345,
    "test_tv_fnll": 4.100837707519531,
    "test_tv_apde": 0.6494377851486206,
    "tv_mr": 0.6868922710418701,
    "test_ade": 0.9706929922103882,
    "test_fde": 2.770570993423462,
    "test_anll": -0.18955981731414795,
    "test_fnll": 3.3534433841705322,
    "test_apde": 0.5205444693565369,
    "mr": 0.4203532636165619
}