{
    "test_tv_ade": 1.6324442625045776,
    "test_tv_fde": 4.96293830871582,
    "test_tv_anll": 0.47697243094444275,
    "test_tv_fnll": 4.239639759063721,
    "test_tv_apde": 0.7532318234443665,
    "tv_mr": 0.6739214658737183,
    "test_ade": 1.0650423765182495,
    "test_fde": 3.042675733566284,
    "test_anll": 0.004652766510844231,
    "test_fnll": 3.4723775386810303,
    "test_apde": 0.5877120494842529,
    "mr": 0.38911962509155273
}