{
    "test_tv_ade": 1.6176366806030273,
    "test_tv_fde": 4.803541660308838,
    "test_tv_anll": 0.5807328820228577,
    "test_tv_fnll": 4.301114559173584,
    "test_tv_apde": 0.738308846950531,
    "tv_mr": 0.7263457179069519,
    "test_ade": 1.074540138244629,
    "test_fde": 3.016511917114258,
    "test_anll": 0.10874121636152267,
    "test_fnll": 3.4786245822906494,
    "test_apde": 0.5962486863136292,
    "mr": 0.47064143419265747
}