{
    "test_tv_ade": 1.6443971395492554,
    "test_tv_fde": 4.942636013031006,
    "test_tv_anll": 0.43088772892951965,
    "test_tv_fnll": 4.21423864364624,
    "test_tv_apde": 0.8010715842247009,
    "tv_mr": 0.732921302318573,
    "test_ade": 1.0510058403015137,
    "test_fde": 2.989633560180664,
    "test_anll": -0.012516251765191555,
    "test_fnll": 3.4532299041748047,
    "test_apde": 0.60306316614151,
    "mr": 0.3961535692214966
}