{
    "test_tv_ade": 1.5976877212524414,
    "test_tv_fde": 4.787310600280762,
    "test_tv_anll": 0.3924714922904968,
    "test_tv_fnll": 4.197084903717041,
    "test_tv_apde": 0.7863516807556152,
    "tv_mr": 0.7346711158752441,
    "test_ade": 1.0552458763122559,
    "test_fde": 3.0180885791778564,
    "test_anll": -0.042444758117198944,
    "test_fnll": 3.461333990097046,
    "test_apde": 0.6162903308868408,
    "mr": 0.4053953289985657
}