{
    "test_tv_ade": 1.564294457435608,
    "test_tv_fde": 4.736602306365967,
    "test_tv_anll": 0.31884127855300903,
    "test_tv_fnll": 4.174167633056641,
    "test_tv_apde": 0.732021152973175,
    "tv_mr": 0.7252044081687927,
    "test_ade": 1.04059636592865,
    "test_fde": 2.9666976928710938,
    "test_anll": -0.11775900423526764,
    "test_fnll": 3.386690855026245,
    "test_apde": 0.5924216508865356,
    "mr": 0.43529579043388367
}