{
    "test_tv_ade": 1.5061671733856201,
    "test_tv_fde": 4.519592761993408,
    "test_tv_anll": 0.2436486929655075,
    "test_tv_fnll": 4.005646228790283,
    "test_tv_apde": 0.6740079522132874,
    "tv_mr": 0.7002760171890259,
    "test_ade": 1.0058730840682983,
    "test_fde": 2.8349876403808594,
    "test_anll": -0.10814899206161499,
    "test_fnll": 3.343327283859253,
    "test_apde": 0.5560541749000549,
    "mr": 0.42409035563468933
}