{
    "test_tv_ade": 1.8287056684494019,
    "test_tv_fde": 5.350313186645508,
    "test_tv_anll": 0.7881734371185303,
    "test_tv_fnll": 4.3358869552612305,
    "test_tv_apde": 0.8607252240180969,
    "tv_mr": 0.7510831356048584,
    "test_ade": 1.192756175994873,
    "test_fde": 3.283773422241211,
    "test_anll": 0.3878007233142853,
    "test_fnll": 3.5817654132843018,
    "test_apde": 0.672461211681366,
    "mr": 0.4894798696041107
}