{
    "test_tv_ade": 1.434475064277649,
    "test_tv_fde": 4.2949042320251465,
    "test_tv_anll": 0.19590941071510315,
    "test_tv_fnll": 3.9945871829986572,
    "test_tv_apde": 0.675326406955719,
    "tv_mr": 0.720766007900238,
    "test_ade": 0.9669715762138367,
    "test_fde": 2.748582363128662,
    "test_anll": -0.20110014081001282,
    "test_fnll": 3.3175251483917236,
    "test_apde": 0.5535370111465454,
    "mr": 0.39022067189216614
}