{
    "test_tv_ade": 1.4758206605911255,
    "test_tv_fde": 4.38281774520874,
    "test_tv_anll": 0.23888549208641052,
    "test_tv_fnll": 3.9569168090820312,
    "test_tv_apde": 0.7045046091079712,
    "tv_mr": 0.680992603302002,
    "test_ade": 0.9730282425880432,
    "test_fde": 2.7596333026885986,
    "test_anll": -0.1767449676990509,
    "test_fnll": 3.28755259513855,
    "test_apde": 0.5551275610923767,
    "mr": 0.3973742127418518
}